{
"500+221코인": [138.557559],
"50+11코인": [162.295082],
"350+151코인": [139.520958],
"100+31코인": [151.908397],
"200+71코인": [147.232472],
"21코인": [185.714286]
}