{
"1,500베리": [10.8],
"350 WEEK베리": [10.0],
"240베리": [11.25],
"980베리": [11.020408],
"5,000베리": [10.6],
"520 WEEK베리": [9.615385],
"3,000베리": [10.833333],
"610베리": [11.147541],
"9,000베리": [10.555556]
}