{
"271Coin": [147.232472],
"721Coin": [138.557559],
"131Coin": [151.908397],
"21Coin(Point deduction)": [138.095238],
"61Coin(Point deduction)": [129.508197],
"61Coin": [162.295082],
"501Coin": [139.520958],
"131Coin(Point deduction)": [129.007634],
"21Coin": [185.714286]
}