{
"335코인": [117.910448],
"160코인": [123.75],
"540코인": [110.185185],
"25코인": [180.0],
"65코인": [152.307692],
"900코인": [105.555556]
}